,t,vb,vg,qe,dcr,dt,ap,bif
0,-50.0,72.56091101304972,0.0,0.05,116.52857280707141,9.565000000001529e-06,0.0198443329723125,0.018095913854588034
1,-50.0,71.9247654925844,100.0,0.05,61.65486827554715,9.440000000001507e-06,0.008283228721185143,0.018417364660723603
2,-50.0,71.66692622948118,200.0,0.05,68.58850954576297,9.410000000001504e-06,0.018203401567860635,0.0262158724355767
3,-50.0,71.3513447365411,300.0,0.05,77.43010820377577,8.735000000001396e-06,0.027004875543416806,0.017266823944973954
4,-50.0,70.67098672230667,400.0,0.05,46.85967409615982,9.315000000001489e-06,0.023352714226969253,0.021194791491661483
5,-50.0,70.40312136992954,500.0,0.05,131.8043656420581,1.0170000000001625e-05,0.0012974159466908313,0.01244753728846246
6,-50.0,69.69118097107189,600.0,0.05,236.08741822964237,1.1450000000001832e-05,0.0054203403021615216,0.005799876232903927
7,-45.0,73.10914197242481,0.0,0.05,181.70850139906457,9.93500000000159e-06,0.012177507239996676,0.013383535226256358
8,-45.0,72.59141369039881,100.0,0.05,121.04262826255405,1.0290000000001645e-05,0.005624219402978961,0.021057852987309708
9,-45.0,72.37808588510372,200.0,0.05,217.17270551977145,9.300000000001486e-06,0.024250546810975958,0.016745070520591977
10,-45.0,71.84550626453411,300.0,0.05,149.3837743268729,9.355000000001494e-06,0.010015520454848397,0.021751097884383785
11,-45.0,71.3974298791856,400.0,0.05,145.48255693818913,9.13000000000146e-06,0.023141539687208838,0.011555975063231754
12,-45.0,70.76347493304907,500.0,0.05,79.4629014925441,1.0190000000001629e-05,3.0359180650806006e-05,0.011937265807911076
13,-45.0,70.17126915342462,600.0,0.05,115.64679677935227,1.095500000000175e-05,0.0040451043607396715,0.0035048464444792067
14,-45.0,69.81384032696972,700.0,0.05,493.79059056328083,1.176000000000188e-05,0.007218755739300459,0.006364052191177713
15,-40.0,73.42850510204461,0.0,0.05,153.26640861556078,1.182500000000189e-05,0.0012790944914688033,0.010601989034209511
16,-40.0,73.10683265411093,100.0,0.05,217.786104267305,1.0030000000001603e-05,0.001175450335326412,0.009557554882592505
17,-40.0,72.58520015771029,200.0,0.05,137.26306433097636,1.1295000000001805e-05,0.06569601202336471,0.008012026874584164
18,-40.0,72.12080455706202,300.0,0.05,110.84566921375654,1.0235000000001636e-05,0.00036775718957705113,0.005228392371352488
19,-40.0,71.63891177566768,400.0,0.05,79.19177872670303,1.0130000000001619e-05,8.346026824794071e-05,0.005866688153341055
20,-40.0,71.26612311967638,500.0,0.05,94.51796118668699,1.0135000000001622e-05,0.000357776999392172,0.005543733382752532
21,-40.0,70.80023524449659,600.0,0.05,133.87774029021878,1.0380000000001659e-05,0.0020606936043634527,0.004552786680396586
22,-40.0,70.32172238369654,700.0,0.05,242.85735293468076,1.1225000000001796e-05,0.0055851677394402515,0.005124925415576683
23,-50.0,72.62056370992039,0.0,0.06,131.8621479726426,9.565000000001529e-06,0.030506736279486517,0.018698316513637937
24,-50.0,71.98398859266884,100.0,0.06,71.95453785544896,9.440000000001507e-06,0.011036112033634912,0.01868937332720435
25,-50.0,71.71854500435715,200.0,0.06,77.27056648209077,9.410000000001504e-06,0.02378141758669579,0.02633530169943083
26,-50.0,71.42257686358694,300.0,0.06,86.42860833589401,8.735000000001396e-06,0.034560484927411095,0.01773365115253663
27,-50.0,70.73421276024627,400.0,0.06,54.915999012011326,9.315000000001489e-06,0.030408891909703667,0.021195024573200175
28,-50.0,70.47954697666302,500.0,0.06,161.14903677631276,1.0170000000001625e-05,0.0023932717492025344,0.012877069861932228
29,-50.0,69.73274455125723,600.0,0.06,256.1647408615401,1.1450000000001832e-05,0.005709420774521473,0.006116839011204043
30,-45.0,73.16471989222947,0.0,0.06,210.97215034553503,9.93500000000159e-06,0.01731892908319884,0.01374624864431949
31,-45.0,72.65499389957394,100.0,0.06,146.83881394270938,1.0290000000001645e-05,0.008140608663534978,0.020921668232037834
32,-45.0,72.44841594675148,200.0,0.06,243.51642089493876,9.300000000001486e-06,0.03703379374390371,0.017117312190584072
33,-45.0,71.91364399802751,300.0,0.06,166.48622882607143,9.355000000001494e-06,0.014055477226355688,0.02172033872370365
34,-45.0,71.46520536304017,400.0,0.06,173.15375560364586,9.13000000000146e-06,0.03367160228174697,0.01194949928624923
35,-45.0,70.84957344769127,500.0,0.06,95.42818897586665,1.0190000000001629e-05,6.860919844673582e-05,0.012391547821291175
36,-45.0,70.25856710983794,600.0,0.06,144.28176475180777,1.095500000000175e-05,0.004515149053584982,0.0040986631312677525
37,-45.0,69.91029614140257,700.0,0.06,605.5498601095118,1.176000000000188e-05,0.008325171305776884,0.006795936927732073
38,-40.0,73.52956906757645,0.0,0.06,229.5778193951196,1.182500000000189e-05,0.002586629157848566,0.01125136070045062
39,-40.0,73.16741062631073,100.0,0.06,246.58552316447214,1.0030000000001603e-05,0.0020030252925058055,0.009968296920973911
40,-40.0,72.64229409515131,200.0,0.06,156.28116979363543,1.1295000000001805e-05,0.0753281957775483,0.00849408954851525
41,-40.0,72.18265245880792,300.0,0.06,132.1276016965461,1.0235000000001636e-05,0.0005135526885495444,0.005725457806539745
42,-40.0,71.70217649569143,400.0,0.06,104.90914459001097,1.0130000000001619e-05,0.00014780727268047072,0.006282258042313772
43,-40.0,71.33987472014692,500.0,0.06,125.04485241709548,1.0135000000001622e-05,0.0006205059682029805,0.006049656846580716
44,-40.0,70.86445674706076,600.0,0.06,148.89495892405995,1.0380000000001659e-05,0.0031212320610526758,0.0050195132329729705
45,-40.0,70.43662104732918,700.0,0.06,273.44956678114386,1.1225000000001796e-05,0.006525579948556691,0.005859772803155206
46,-50.0,72.67990076598802,0.0,0.07,147.0502251510959,9.565000000001529e-06,0.041287943490678075,0.019317425273032377
47,-50.0,72.04321169275326,100.0,0.07,82.25420743535076,9.440000000001507e-06,0.013788995346084684,0.018965399328195343
48,-50.0,71.77016377923314,200.0,0.07,85.95262341841855,9.410000000001504e-06,0.029359433605530942,0.026455275036311746
49,-50.0,71.49288287955756,300.0,0.07,108.27389738092029,8.735000000001396e-06,0.05244348126267967,0.018206783659826697
50,-50.0,70.79743879818587,400.0,0.07,62.97232392786283,9.315000000001489e-06,0.03746506959243808,0.021195257657302093
51,-50.0,70.5559725833965,500.0,0.07,190.49370791056745,1.0170000000001625e-05,0.0034891275517142375,0.013321424502401752
52,-50.0,69.77430813144255,600.0,0.07,276.2420634934378,1.1450000000001832e-05,0.005998501246881424,0.006451123780317876
53,-45.0,73.21303453116319,0.0,0.07,234.9536058056828,9.93500000000159e-06,0.024108904560966173,0.014069538000772566
54,-45.0,72.71595720765308,100.0,0.07,175.45112999988083,1.0290000000001645e-05,0.012078109102962722,0.02079191588681644
55,-45.0,72.51870367834752,200.0,0.07,268.4585478720127,9.300000000001486e-06,0.05127671499513983,0.01749759721555416
56,-45.0,71.9761876387862,300.0,0.07,187.0292354918352,9.355000000001494e-06,0.01894584304654793,0.021692143172441794
57,-45.0,71.53298084689473,400.0,0.07,200.8249542691026,9.13000000000146e-06,0.044201664876285095,0.012356424482637898
58,-45.0,70.91796434459368,500.0,0.07,114.56143488250169,1.0190000000001629e-05,0.00012895457559441566,0.012764687582542518
59,-45.0,70.32163302399577,600.0,0.07,190.418976081292,1.095500000000175e-05,0.0048920298089224915,0.004589311567154476
60,-45.0,69.96453549260555,700.0,0.07,700.9597735810646,1.176000000000188e-05,0.00903123102059222,0.00705154577705931
61,-40.0,73.61541525639223,0.0,0.07,313.73039380911507,1.182500000000189e-05,0.00444206662991691,0.011834099788443986
62,-40.0,73.22491858383057,100.0,0.07,270.24249895797385,1.0030000000001603e-05,0.0029106012135115726,0.010374544054898389
63,-40.0,72.69938803259232,200.0,0.07,175.2992752562945,1.1295000000001805e-05,0.0849603795317319,0.00900515667103771
64,-40.0,72.23703347186573,300.0,0.07,159.58569122835803,1.0235000000001636e-05,0.0008260229655764998,0.006201409809179068
65,-40.0,71.76551525737779,400.0,0.07,130.6347217338167,1.0130000000001619e-05,0.00021630884607511247,0.006727803898623164
66,-40.0,71.41342561412893,500.0,0.07,160.09399819798892,1.0135000000001622e-05,0.0010638461183636338,0.006600182263832173
67,-40.0,70.9267070809819,600.0,0.07,160.00207446554484,1.0380000000001659e-05,0.0042254102259923505,0.0055175336651791885
68,-40.0,70.4961161771434,700.0,0.07,341.3353103971216,1.1225000000001796e-05,0.00709132258383062,0.006280779345926963
69,-50.0,72.7403043791767,0.0,0.08,163.85252311797026,9.565000000001529e-06,0.05394102659505496,0.019968721319402576
70,-50.0,72.11432285522623,100.0,0.08,99.72471431876852,9.440000000001507e-06,0.020780413058932728,0.019302224597372113
71,-50.0,71.82178255410912,200.0,0.08,94.63468035474634,9.410000000001504e-06,0.034937449624366096,0.02657579492480333
72,-50.0,71.56312610149267,300.0,0.08,130.99025010374638,8.735000000001396e-06,0.07102671574468081,0.018692099721788747
73,-50.0,70.93545701810858,400.0,0.08,97.44688571795766,9.315000000001489e-06,0.0681921243266104,0.02119576647324109
74,-50.0,70.62277971559533,500.0,0.08,218.52782986814984,1.0170000000001625e-05,0.0065508665519067606,0.013722397580879153
75,-50.0,69.82863771243188,600.0,0.08,311.95596288937594,1.1450000000001832e-05,0.006397065803412117,0.006915781773694099
76,-45.0,73.26134917009689,0.0,0.08,258.93506126583054,9.93500000000159e-06,0.030898880038733506,0.014400430595803582
77,-45.0,72.77692051573223,100.0,0.08,204.06344605705226,1.0290000000001645e-05,0.016015609542390462,0.020662968241817955
78,-45.0,72.58080748101789,200.0,0.08,294.43707469315433,9.300000000001486e-06,0.06896528287927484,0.017840628127715166
79,-45.0,72.02347566231317,300.0,0.08,216.95495163490406,9.355000000001494e-06,0.02615535435688047,0.021670849368519044
80,-45.0,71.59230612385647,400.0,0.08,224.22041553906004,9.13000000000146e-06,0.05828680202605342,0.012723971991383256
81,-45.0,70.9658254739651,500.0,0.08,137.3675322666302,1.0190000000001629e-05,0.00021491675776189387,0.013032480326797833
82,-45.0,70.37865250388097,600.0,0.08,240.9233869627715,1.095500000000175e-05,0.005245664086774427,0.005083290109885714
83,-45.0,70.0098778816613,700.0,0.08,791.0537713791354,1.176000000000188e-05,0.009643047652183769,0.007272589526007206
84,-40.0,73.66062185478228,0.0,0.08,349.76722441207187,1.182500000000189e-05,0.006318974283200594,0.012153004488855097
85,-40.0,73.28381406631628,100.0,0.08,309.88803408303437,1.0030000000001603e-05,0.004646573912701416,0.01080775866756334
86,-40.0,72.78349277443597,200.0,0.08,240.71545318872853,1.1295000000001805e-05,0.10370394967535952,0.009814545832934701
87,-40.0,72.29024944303866,300.0,0.08,188.0074326840405,1.0235000000001636e-05,0.0011644991341729217,0.006705445965067013
88,-40.0,71.83181928267818,400.0,0.08,156.68914901988146,1.0130000000001619e-05,0.00045119501619429264,0.007228097551419059
89,-40.0,71.48809441745081,500.0,0.08,199.1460398970555,1.0135000000001622e-05,0.0019066474315591019,0.007210344684985552
90,-40.0,70.97992443578427,600.0,0.08,192.28612569769427,1.0380000000001659e-05,0.006033675466906488,0.00598228197304098
91,-40.0,70.54801987543745,700.0,0.08,407.55149390897583,1.1225000000001796e-05,0.007606780293780377,0.0066726973792490315
92,-50.0,72.81272301595618,0.0,0.09,198.83940817440583,9.565000000001529e-06,0.08768124377963034,0.02077857741792864
93,-50.0,72.18975526270339,100.0,0.09,119.80178094767149,9.440000000001507e-06,0.02931251461110251,0.019666058551625794
94,-50.0,71.8967319360897,200.0,0.09,122.24201468080977,9.410000000001504e-06,0.053510259689192874,0.026751765308591205
95,-50.0,71.63117599507274,300.0,0.09,152.74762872194833,8.735000000001396e-06,0.09147098229560845,0.01917459538039898
96,-50.0,71.041427963299,400.0,0.09,124.4110488463236,9.315000000001489e-06,0.10132365433734933,0.021196157152458203
97,-50.0,70.68868863011124,500.0,0.09,246.43956667613654,1.0170000000001625e-05,0.009796188826590906,0.014129804939388256
98,-50.0,69.9357221130334,600.0,0.09,415.5490442788905,1.1450000000001832e-05,0.007265163974009876,0.00793190609188884
99,-45.0,73.32334688952858,0.0,0.09,298.94026393311594,9.93500000000159e-06,0.046388155120074354,0.014836459792597935
100,-45.0,72.83005337210217,100.0,0.09,231.65366312327237,1.0290000000001645e-05,0.023290488859112328,0.020551235720101625
101,-45.0,72.62938138911588,200.0,0.09,322.1290060113783,9.300000000001486e-06,0.09235028778041426,0.01811360680437078
102,-45.0,72.07076368584015,300.0,0.09,246.8806677779729,9.355000000001494e-06,0.033364865667213,0.021649576467375788
103,-45.0,71.64275612578821,400.0,0.09,243.125058321083,9.13000000000146e-06,0.07610584354408781,0.013045122237534672
104,-45.0,71.01368660333651,500.0,0.09,160.1736296507587,1.0190000000001629e-05,0.0003008789399293721,0.01330589114461837
105,-45.0,70.46842385921599,600.0,0.09,313.84114352417294,1.095500000000175e-05,0.005899389247494602,0.00597095778371738
106,-45.0,70.04867499044163,700.0,0.09,848.8331390831053,1.176000000000188e-05,0.010228195379172265,0.0074672177531087125
107,-40.0,73.70582845317232,0.0,0.09,385.80405501502867,1.182500000000189e-05,0.008195881936484278,0.012480503016406517
108,-40.0,73.344080519082,100.0,0.09,365.3313675922624,1.0030000000001603e-05,0.007201059713194548,0.011269790156083257
109,-40.0,72.86886039707953,200.0,0.09,310.93886313701387,1.1295000000001805e-05,0.12467635213967027,0.010710516336746129
110,-40.0,72.34331626177077,300.0,0.09,217.89321385909506,1.0235000000001636e-05,0.001610231678074388,0.007248861199034912
111,-40.0,71.89812330797858,400.0,0.09,182.74357630594625,1.0130000000001619e-05,0.0006860811863134728,0.007765594092824577
112,-40.0,71.56407245743827,500.0,0.09,242.88606291755755,1.0135000000001622e-05,0.003217276664647316,0.007889135731115023
113,-40.0,71.03225010287392,600.0,0.09,226.6606515230142,1.0380000000001659e-05,0.007911444443639833,0.006477393478627934
114,-40.0,70.58680984463786,700.0,0.09,447.76308501724736,1.1225000000001796e-05,0.00803896350322341,0.00698148090279413
115,-50.0,72.88514165273564,0.0,0.1,233.82629323084143,9.565000000001529e-06,0.12142146096420572,0.02162127822843329
116,-50.0,72.26198809499722,100.0,0.1,138.3114129884978,9.440000000001507e-06,0.0405445435517378,0.020020886110300964
117,-50.0,71.97603486186286,200.0,0.1,153.38084836022605,9.410000000001504e-06,0.07450792756853508,0.02693922601737635
118,-50.0,71.68301074567208,300.0,0.1,167.41537017502088,8.735000000001396e-06,0.1256737456169268,0.019550460032750204
119,-50.0,71.08492967545097,400.0,0.1,132.3970847334778,9.315000000001489e-06,0.12485330641015674,0.021196317530717917
120,-50.0,70.74833904999666,500.0,0.1,271.94762281046275,1.0170000000001625e-05,0.013780708059294966,0.01450894381105786
121,-50.0,69.9861305874119,600.0,0.1,465.5303281965482,1.1450000000001832e-05,0.007730053270486163,0.00846064418655313
122,-45.0,73.40846291577576,0.0,0.1,366.018456803407,9.93500000000159e-06,0.07657536882314087,0.015456665280732824
123,-45.0,72.8806803719125,100.0,0.1,258.9167938915157,1.0290000000001645e-05,0.03163337715694467,0.0204453348960254
124,-45.0,72.67795529721386,200.0,0.1,349.82093732960226,9.300000000001486e-06,0.11573529268155368,0.018390762315909873
125,-45.0,72.11805170936712,300.0,0.1,276.80638392104174,9.355000000001494e-06,0.04057437697754554,0.021628324448493094
126,-45.0,71.69320612771993,400.0,0.1,262.029701103106,9.13000000000146e-06,0.0939248850621222,0.01337437824505304
127,-45.0,71.06702768740904,500.0,0.1,183.06468498463204,1.0190000000001629e-05,0.000506654920858517,0.013617370716591037
128,-45.0,70.56368817180648,600.0,0.1,390.4545369460155,1.095500000000175e-05,0.006610417266586091,0.0070830468262206795
129,-45.0,70.0861703006928,700.0,0.1,900.1854118184117,1.176000000000188e-05,0.0108080388962071,0.007660263347523086
130,-40.0,73.75274034306722,0.0,0.1,414.99069861224444,1.182500000000189e-05,0.01158915944704057,0.012829689707338355
131,-40.0,73.40560906634984,100.0,0.1,420.57054264619734,1.0030000000001603e-05,0.011123561512223382,0.01176188011452468
132,-40.0,72.92435308331763,200.0,0.1,340.2063451224129,1.1295000000001805e-05,0.14265298694875125,0.011336348715739656
133,-40.0,72.39575141950834,300.0,0.1,253.97920724591324,1.0235000000001636e-05,0.0025101952644512922,0.007829050128909045
134,-40.0,71.96917398271174,400.0,0.1,240.78635705819778,1.0130000000001619e-05,0.0014447275066243508,0.008386010818758229
135,-40.0,71.63062562890642,500.0,0.1,281.4772515670454,1.0135000000001622e-05,0.005547807206034261,0.008536028982283485
136,-40.0,71.09039567582136,600.0,0.1,268.83108119341284,1.0380000000001659e-05,0.011274863908410971,0.007075785296445967
137,-40.0,70.62559981383826,700.0,0.1,487.97467612551895,1.1225000000001796e-05,0.008471146712666442,0.0073045535899253725
138,-50.0,72.94840109619824,0.0,0.11,261.18485592714796,9.565000000001529e-06,0.1816539727867322,0.022385316960167847
139,-50.0,72.32649351664882,100.0,0.11,153.03547662636228,9.440000000001507e-06,0.05829726553424834,0.02034316236987196
140,-50.0,72.04306520785401,200.0,0.11,178.47965389807723,9.410000000001504e-06,0.09880975856755551,0.027098700154314995
141,-50.0,71.73484549627142,300.0,0.11,182.08311162809343,8.735000000001396e-06,0.1598765089382451,0.01993369246700683
142,-50.0,71.12843138760294,400.0,0.11,140.38312062063204,9.315000000001489e-06,0.14838295848296415,0.021196477910191112
143,-50.0,70.78674408985476,500.0,0.11,289.2960315549477,1.0170000000001625e-05,0.02027454002857834,0.014758413250084203
144,-50.0,70.0365390617904,600.0,0.11,515.511612114206,1.1450000000001832e-05,0.008194942566962448,0.00902462777826574
145,-45.0,73.46816271182257,0.0,0.11,407.66085988460287,9.93500000000159e-06,0.11150970126998203,0.015907079169428642
146,-45.0,72.93130737172284,100.0,0.11,286.1799246597591,1.0290000000001645e-05,0.039976265454777005,0.02033997978047457
147,-45.0,72.72652920531185,200.0,0.11,377.5128686478262,9.300000000001486e-06,0.1391202975826931,0.018672158571901895
148,-45.0,72.17537300983817,300.0,0.11,308.725447150224,9.355000000001494e-06,0.058050250520333135,0.021602591278091613
149,-45.0,71.74365612965165,400.0,0.11,280.93434388512895,9.13000000000146e-06,0.11174392658015658,0.013711944601567216
150,-45.0,71.13279444259497,500.0,0.11,206.14838051346618,1.0190000000001629e-05,0.0009841059318674373,0.014011463933389878
151,-45.0,70.62494418834669,600.0,0.11,442.5134745156021,1.095500000000175e-05,0.007150768322278929,0.007905260419593245
152,-45.0,70.14118590094824,700.0,0.11,965.2135665016664,1.176000000000188e-05,0.011464665228285483,0.007952582364530593
153,-40.0,73.80120864063292,0.0,0.11,437.92522427424797,1.182500000000189e-05,0.01636641715742552,0.013200725930482412
154,-40.0,73.47031140198594,100.0,0.11,475.29632054199635,1.0030000000001603e-05,0.018486212409778713,0.012302548436265602
155,-40.0,72.97984576955574,200.0,0.11,369.473827107812,1.1295000000001805e-05,0.16062962175783227,0.011998749468683078
156,-40.0,72.44818657724593,300.0,0.11,290.0652006327315,1.0235000000001636e-05,0.003410158850828197,0.008455676586707506
157,-40.0,72.0414243110768,400.0,0.11,306.91377623978485,1.0130000000001619e-05,0.00233574736227428,0.009067754775064196
158,-40.0,71.69112095893196,500.0,0.11,316.7590229901921,1.0135000000001622e-05,0.008533880092666007,0.009169949707356047
159,-40.0,71.15323117429045,600.0,0.11,317.28377887657587,1.0380000000001659e-05,0.01583548317510621,0.007784742038630976
160,-40.0,70.67389138522559,700.0,0.11,569.2290287275096,1.1225000000001796e-05,0.009066877041960948,0.007727733257345861
161,-50.0,73.00790515830786,0.0,0.12,285.41571309802566,9.565000000001529e-06,0.2527486496317406,0.023128624135092646
162,-50.0,72.39099893830041,100.0,0.12,167.75954026422676,9.440000000001507e-06,0.07604998751675889,0.02067062631129228
163,-50.0,72.08919414329182,200.0,0.12,193.29169738728194,9.410000000001504e-06,0.1287389043713106,0.027208995095588873
164,-50.0,71.78668024687077,300.0,0.12,196.75085308116596,8.735000000001396e-06,0.19407927225956342,0.02032443710805666
165,-50.0,71.17193309975491,400.0,0.12,148.36915650778627,9.315000000001489e-06,0.17191261055577156,0.0211966382908778
166,-50.0,70.82514912971287,500.0,0.12,306.6444402994327,1.0170000000001625e-05,0.026768371997861716,0.015012172112366884
167,-50.0,70.0961681449091,600.0,0.12,599.240111889783,1.1450000000001832e-05,0.008816229268231892,0.009740507757202803
168,-45.0,73.5107596047933,0.0,0.12,432.1871979948114,9.93500000000159e-06,0.14963843001892943,0.01623645921236187
169,-45.0,72.99439320276775,100.0,0.12,331.1899608735352,1.0290000000001645e-05,0.06135944842305596,0.02020945717289075
170,-45.0,72.79874119156621,200.0,0.12,447.165118349943,9.300000000001486e-06,0.216481706099453,0.019098472040786633
171,-45.0,72.24060576215963,300.0,0.12,342.2163068703143,9.355000000001494e-06,0.08362136861123715,0.021573343676073824
172,-45.0,71.80358084263403,400.0,0.12,319.35155809945456,9.13000000000146e-06,0.15858139462244986,0.014123995182602963
173,-45.0,71.19837241988472,500.0,0.12,229.49711953455258,1.0190000000001629e-05,0.0014706224172646963,0.014415781813156454
174,-45.0,70.67954569386556,600.0,0.12,494.2542301981638,1.095500000000175e-05,0.0076484938547805355,0.008718280052897166
175,-45.0,70.2247310237157,700.0,0.12,1052.5111232216734,1.176000000000188e-05,0.012246322427420658,0.008417961687699824
176,-40.0,73.84967693819861,0.0,0.12,460.85974993625155,1.182500000000189e-05,0.021143674867810474,0.013582492567379563
177,-40.0,73.52909164795018,100.0,0.12,525.0699167264158,1.0030000000001603e-05,0.026764784273792013,0.012815245791306693
178,-40.0,73.03792753355638,200.0,0.12,406.14055069839145,1.1295000000001805e-05,0.18397145236606074,0.012733548480955495
179,-40.0,72.4997378355574,300.0,0.12,322.6732070235151,1.0235000000001636e-05,0.004996011227238998,0.00912061171991741
180,-40.0,72.09138372484917,400.0,0.12,330.2402636857888,1.0130000000001619e-05,0.003943022739637943,0.009571312376661803
181,-40.0,71.76294780697117,500.0,0.12,368.8016395461946,1.0135000000001622e-05,0.014701065900095922,0.009984021613069868
182,-40.0,71.22374253304727,600.0,0.12,391.3101169833253,1.0380000000001659e-05,0.024289036985189544,0.008665221077766391
183,-40.0,70.72623669819836,700.0,0.12,667.9937701855802,1.1225000000001796e-05,0.009732382736281254,0.00821416991648586
184,-50.0,73.0674092204175,0.0,0.13,309.6465702689033,9.565000000001529e-06,0.32384332647674896,0.023896612915253686
185,-50.0,72.46913430597998,100.0,0.13,194.9611271540113,9.440000000001507e-06,0.11412738488908428,0.021074350667761726
186,-50.0,72.13532307872963,200.0,0.13,208.10374087648665,9.410000000001504e-06,0.15866805017506572,0.027319738950426924
187,-50.0,71.83669559861168,300.0,0.13,212.22824606304357,8.735000000001396e-06,0.2406826854357169,0.020708725872493238
188,-50.0,71.21597700959873,400.0,0.13,156.97211895567062,9.315000000001489e-06,0.19734510339178982,0.021196800671757457
189,-50.0,70.86355416957097,500.0,0.13,323.99284904391766,1.0170000000001625e-05,0.03326220396714509,0.015270294151035528
190,-50.0,70.1576835293231,600.0,0.13,689.8724310094632,1.1450000000001832e-05,0.009469510888226612,0.01053859298123183
191,-45.0,73.55335649776401,0.0,0.13,456.71353610502,9.93500000000159e-06,0.18776715876787686,0.0165726595653927
192,-45.0,73.06567735760957,100.0,0.13,387.87804894437585,1.0290000000001645e-05,0.09132357739683754,0.020062980121645323
193,-45.0,72.87552409253458,200.0,0.13,524.9312695053377,9.300000000001486e-06,0.30428057640410106,0.019562452694804243
194,-45.0,72.30583851448108,300.0,0.13,375.70716659040465,9.355000000001494e-06,0.10919248670214114,0.021544135672186323
195,-45.0,71.8640715509813,400.0,0.13,358.93440416561515,9.13000000000146e-06,0.20715235034801244,0.014552497105631883
196,-45.0,71.24536217665846,500.0,0.13,278.9436537967933,1.0190000000001629e-05,0.002849780681338821,0.014712650716211655
197,-45.0,70.71989788710985,600.0,0.13,545.3136626319103,1.095500000000175e-05,0.008054945304352275,0.009372391874907559
198,-45.0,70.30827614648315,700.0,0.13,1139.8086799416806,1.176000000000188e-05,0.013027979626555834,0.00891057466963614
199,-40.0,73.90633718858443,0.0,0.13,526.7826695389601,1.182500000000189e-05,0.03378798162622684,0.014042804362490146
200,-40.0,73.56683604727117,100.0,0.13,557.2528750105753,1.0030000000001603e-05,0.03829679775308279,0.013155672363388821
201,-40.0,73.09769136948113,200.0,0.13,447.61441324158716,1.1295000000001805e-05,0.2107989431393037,0.013536627411408932
202,-40.0,72.55031327502643,300.0,0.13,351.441539867558,1.0235000000001636e-05,0.007339080075736061,0.009823749183550903
203,-40.0,72.13417750964446,400.0,0.13,339.8079797985598,1.0130000000001619e-05,0.005780545346204606,0.010024822418138657
204,-40.0,71.86326030802697,500.0,0.13,462.97838306941674,1.0135000000001622e-05,0.028865068970590366,0.01124329106100638
205,-40.0,71.29952033281782,600.0,0.13,482.8826406314433,1.0380000000001659e-05,0.03541355005908156,0.009722786849998409
206,-40.0,70.86619924070608,700.0,0.13,996.6561784990834,1.1225000000001796e-05,0.011526617409972812,0.009670548848229878
207,-50.0,73.12166806124621,0.0,0.14,329.2070021801755,9.565000000001529e-06,0.470138347097125,0.02461911117247235
208,-50.0,72.56459291288577,100.0,0.14,238.02125961695418,9.440000000001507e-06,0.17803681514337047,0.021578300750555713
209,-50.0,72.18145201416743,200.0,0.14,222.91578436569137,9.410000000001504e-06,0.18859719597882083,0.027430933545960885
210,-50.0,71.88249076539121,300.0,0.14,229.58366550955395,8.735000000001396e-06,0.3160500146639974,0.021066958081192407
211,-50.0,71.27166932686143,400.0,0.14,178.82894071523987,9.315000000001489e-06,0.2636576383162645,0.021197005999711735
212,-50.0,70.90195920942908,500.0,0.14,341.3412577884026,1.0170000000001625e-05,0.03975603593642847,0.015532854387344577
213,-50.0,70.21008938535006,600.0,0.14,795.3550797522288,1.1450000000001832e-05,0.010101498755410263,0.01126987226813234
214,-45.0,73.59700700340369,0.0,0.14,483.01585750546025,9.93500000000159e-06,0.2312126684810533,0.016924398840897345
215,-45.0,73.1327412937571,100.0,0.14,440.8035092415871,1.0290000000001645e-05,0.13362106301246077,0.01992614429364733
216,-45.0,72.94074180687227,200.0,0.14,580.9167193261239,9.300000000001486e-06,0.43317648207312537,0.019965390127528373
217,-45.0,72.3590294757384,300.0,0.14,406.58076098513817,9.355000000001494e-06,0.1576571523335742,0.021520348658456374
218,-45.0,71.92456225932855,400.0,0.14,398.51725023177573,9.13000000000146e-06,0.255723306073575,0.014993999167478865
219,-45.0,71.2923519334322,500.0,0.14,328.390188059034,1.0190000000001629e-05,0.004228938945412946,0.015015633137544495
220,-45.0,70.76025008035413,600.0,0.14,596.3730950656569,1.095500000000175e-05,0.008461396753924013,0.010075580151573636
221,-45.0,70.39182126925061,700.0,0.14,1227.1062366616875,1.176000000000188e-05,0.013809636825691009,0.009432015004199582
222,-40.0,73.96384059541792,0.0,0.14,597.1301680329747,1.182500000000189e-05,0.047242004123333056,0.014525918623670616
223,-40.0,73.60458044659215,100.0,0.14,589.4358332947347,1.0030000000001603e-05,0.04982881123237357,0.013505142090231055
224,-40.0,73.16275329691294,200.0,0.14,497.9415319601931,1.1295000000001805e-05,0.2429399486347672,0.014468588063844701
225,-40.0,72.60088871449545,300.0,0.14,380.20987271160084,1.0235000000001636e-05,0.009682148924233124,0.01058109378898008
226,-40.0,72.17697129443977,400.0,0.14,349.37569591133075,1.0130000000001619e-05,0.00761806795277127,0.010499820772777599
227,-40.0,71.92199452049685,500.0,0.14,525.4733723792012,1.0135000000001622e-05,0.04950420123276968,0.01205310201750022
228,-40.0,71.34650188772035,600.0,0.14,518.0760390187615,1.0380000000001659e-05,0.048975789817366513,0.010442325062333963
229,-40.0,70.94935334796588,700.0,0.14,1076.6607072549614,1.1225000000001796e-05,0.012242151293747052,0.010655321231757869
230,-50.0,73.17477812654349,0.0,0.15,347.74454678655735,9.565000000001529e-06,0.6329032762794706,0.025347463536743962
231,-50.0,72.65183367039633,100.0,0.15,277.3744274070439,9.440000000001507e-06,0.2755146405168176,0.022049398976205222
232,-50.0,72.23049730014198,200.0,0.15,239.67923094980588,9.410000000001504e-06,0.22822924791743374,0.027549654495978296
233,-50.0,71.92828593217074,300.0,0.15,246.93908495606433,8.735000000001396e-06,0.3914173438922779,0.02143138720978609
234,-50.0,71.32736164412412,400.0,0.15,200.6857624748091,9.315000000001489e-06,0.3299701732407392,0.021197211329654974
235,-50.0,70.9513021826314,500.0,0.15,377.5027079465837,1.0170000000001625e-05,0.06234017103010932,0.015876830011535805
236,-50.0,70.26159785885879,600.0,0.15,902.3006391559553,1.1450000000001832e-05,0.010731388968279847,0.012038058056141481
237,-45.0,73.66044573681188,0.0,0.15,542.6734743528993,9.93500000000159e-06,0.37451429782343626,0.017448944677697923
238,-45.0,73.19239292233286,100.0,0.15,487.1203654932738,1.0290000000001645e-05,0.19758060916179246,0.01980521681663064
239,-45.0,72.99826497060168,200.0,0.15,622.4110317312901,9.300000000001486e-06,0.5894150695819431,0.020327670906398577
240,-45.0,72.41044999530756,300.0,0.15,437.0695525198774,9.355000000001494e-06,0.20948773676722499,0.021497378353769546
241,-45.0,71.98018205639808,400.0,0.15,431.21138022246225,9.13000000000146e-06,0.3565222966742427,0.015411760590514937
242,-45.0,71.33934169020594,500.0,0.15,377.8367223212747,1.0190000000001629e-05,0.005608097209487071,0.01532485497483353
243,-45.0,70.82067563564027,600.0,0.15,693.2609894202872,1.095500000000175e-05,0.009138736151966902,0.011228442115473964
244,-45.0,70.47536639201806,700.0,0.15,1314.4037933816946,1.176000000000188e-05,0.014591294024826184,0.009983969647052848
245,-40.0,74.05455817625543,0.0,0.15,733.1090678656248,1.182500000000189e-05,0.09213025807687904,0.015322097691846283
246,-40.0,73.64232484591314,100.0,0.15,621.618791578894,1.0030000000001603e-05,0.061360824711664354,0.013863895195877933
247,-40.0,73.24968390172049,200.0,0.15,584.8118101856367,1.1295000000001805e-05,0.29701329316898434,0.0158147012987814
248,-40.0,72.67576121845818,300.0,0.15,456.4542503664129,1.0235000000001636e-05,0.017687207694929347,0.011810784465288372
249,-40.0,72.31945840530629,400.0,0.15,496.69069496176894,1.0130000000001619e-05,0.025768906362054134,0.0122496755775557
250,-40.0,71.97521782836951,500.0,0.15,583.7691718983191,1.0135000000001622e-05,0.07100156553007533,0.012837194035670556
251,-40.0,71.39246859804652,600.0,0.15,551.2825099524457,1.0380000000001659e-05,0.06262394055868412,0.011197830368524495
252,-40.0,71.03250745522567,700.0,0.15,1156.6652360108396,1.1225000000001796e-05,0.012957685177521293,0.011740375063896202
